Vocaloid Motion Data 0002,0
Latƒ~ƒNVer2.3N
5
“ª,0,0,0,0,-0.0968389,1.25188,8.84616,0x14141414141414146B6B6B6B6B6B6B6B141414141414146B6B6B6B6B6B6B6B011414141414146B6B6B6B6B6B6B6B010014141414146B6B6B6B6B6B6B6B010000
“ª,6,0,0,0,-0.036109,0.765866,5.39861,0x14141414141414146B6B6B6B6B6B6B6B141414141414146B6B6B6B6B6B6B6B011414141414146B6B6B6B6B6B6B6B010014141414146B6B6B6B6B6B6B6B010000
“ª,16,0,0,0,-0,0,0,0x14141414141414146B6B6B6B6B6B6B6B141414141414146B6B6B6B6B6B6B6B011414141414146B6B6B6B6B6B6B6B010014141414146B6B6B6B6B6B6B6B010000
“ª,23,0,0,0,-0.0117223,-0.4367,-3.0753,0x14141414141414146B6B6B6B6B6B6B6B141414141414146B6B6B6B6B6B6B6B011414141414146B6B6B6B6B6B6B6B010014141414146B6B6B6B6B6B6B6B010000
“ª,30,0,0,0,-0,0,0,0x14141414141414146B6B6B6B6B6B6B6B141414141414146B6B6B6B6B6B6B6B011414141414146B6B6B6B6B6B6B6B010014141414146B6B6B6B6B6B6B6B010000
3
‚Ü‚Î‚½‚«,0,0
‚Ü‚Î‚½‚«,10,1
‚Ü‚Î‚½‚«,30,0
0
0
